{"cameraMode":{"drawMode":0,"name":"Shaded","section":"Shading Mode"},"sceneLighting":true,"audioPlay":false,"sceneViewState":{"m_AlwaysRefresh":false,"showFog":true,"showSkybox":true,"showFlares":true,"showImageEffects":true,"showParticleSystems":true,"showVisualEffectGraphs":true,"m_FxEnabled":true},"in2DMode":false,"pivot":{"x":-2.5196361541748049,"y":-0.07578897476196289,"z":-3.5187482833862306},"rotation":{"x":0.035434477031230929,"y":-0.9594302773475647,"z":0.140590637922287,"w":0.24181528389453889},"size":4.461183547973633,"orthographic":false}